sequence_id,sequence,is_antimicrobial,is_hemolytic,is_cell_penetrating,source
CPP_hLF,KCFQWQRNMRKVRGPPVSCIKR,0,0,1,CPP
NEG_trypsin_inhib,KPDFCFLEEDPGICRGYITRYFYNNQTKQCERFKY,0,0,0,NEG
HEM_crabrolin,FLPLILRKIVTAL,0,1,0,HEM
NEG_ubiquitin_frag,MQIFVKTLTGKTITLEVEPSDTIENVKAKIQDKEGIPPD,0,0,0,NEG
HEM_hylatoxin,GIFSKLGRKKIKNLLISGLKNVGKEVGMDVVRTGIDIAGCKIKGEC,0,1,0,HEM
NEG_myoglobin_frag,GLSDGEWQLVLNVWGKVEADIPGHGQEVLIRLF,0,0,0,NEG
AMP_temporin_A,FLPLIGRVLSGIL,1,0,0,AMP
CPP_Cady,GLWRALWRLLRSLWRLLWRA,0,0,1,CPP
NEG_tubulin_frag,MREIVHIQAGQCGNQIGAKFWEVISDEHGIDPT,0,0,0,NEG
CPP_MAP,KLALKLALKALKAALKLA,0,0,1,CPP
AMP_dermcidin,SSLLEKGLDGAKKAVGGLGKLGKDAVEDLESVGKGAVHDVKDVLDSV,1,0,0,AMP
AB_bevacizumab_H3,YPYYYGTSHWYFDV,0,0,0,AB
NEG_collagen_frag,GPPGPPGPPGPPGPPGPPGPPGPPGPPGPPGPP,0,0,0,NEG
CPP_pVEC,LLIILRRRIRKQAHAHSK,0,0,1,CPP
CPP_decarginine_R10,RRRRRRRRRR,0,0,1,CPP
NEG_rnase_A_frag,KETAAAKFERQHMDSSTSAASSSNYCNQMMKSRN,0,0,0,NEG
HEM_mastoparan_X,INWKGIAAMAKKLL,0,1,0,HEM
NEG_actin_frag,DEDETTALVCDNGSGLVKAGFAGDDAPRAVFPS,0,0,0,NEG
AB_ipilimumab_H3,GTSYFDY,0,0,0,AB
AMP_cecropin_A,KWKLFKKIEKVGQNIRDGIIKAGPAVAVVGQATQIAK,1,0,0,AMP
AB_herceptin_H3,WGGDGFYAMDY,0,0,0,AB
NEG_serum_albumin,DAHKSEVAHRFKDLGEENFKALVLIAFAQYLQQ,0,0,0,NEG
AMP_thanatin,GSKKPVPIIYCNRRTGKCQRM,1,0,0,AMP
NEG_bradykinin,RPPGFSPFR,0,0,0,NEG
AMP_esculentin_2,GIFSKLGRKKIKNLLISGLKNVGKEVGMDVVRTGIDIAGCKIKGEC,1,0,0,AMP
HEM_melittin,GIGAVLKVLTTGLPALISWIKRKRQQ,1,1,0,HEM
CPP_KALA,WEAKLAKALAKALAKHLAKALAKALKACEA,0,0,1,CPP
CPP_BP100,KKLFKKILKYL,0,0,1,CPP
HEM_haemolysin_E,MKKSLLALVAAVAGAAGAAAYAKGEKK,0,1,0,HEM
NEG_cytochrome_C,MGDVEKGKKIFIMKCSQCHTVEKGGKHKTGPNLH,0,0,0,NEG
HEM_toxophallin,LDLKDNIKKILSKVLKVVG,0,1,0,HEM
AMP_melittin,GIGAVLKVLTTGLPALISWIKRKRQQ,1,0,0,AMP
NEG_substance_P,RPKPQQFFGLM,0,0,0,NEG
AMP_LL37,LLGDFFRKSKEKIGKEFKRIVQRIKDFLRNLVPRTES,1,0,0,AMP
AMP_histatin_5,DSHAKRHHGYKRKFHEKHHSHRGY,1,0,0,AMP
CPP_penetratin,RQIKIWFQNRRMKWKK,0,0,1,CPP
HEM_bombolitin_II,IKITTMLAKLGKVLAHV,0,1,0,HEM
CPP_octaarginine_R8,RRRRRRRR,0,0,1,CPP
HEM_poneratoxin,FLPLLILGSLLMTPPVIQAIYQNRR,0,1,0,HEM
AMP_dermaseptin,ALWKTMLKKLGTMALHAGKAALGAAADTISQTQ,1,0,0,AMP
AMP_pardaxin,GFFALIPKIISSPLFKTLLSAVGSALSSSGGQE,1,0,0,AMP
NEG_hemoglobin_beta,VHLTPEEKSAVTALWGKVNVDEVGGEALGRLLVV,0,0,0,NEG
AB_rituximab_H3,VVYYSNSYWYFDV,0,0,0,AB
AMP_brevinin_2E,GIMDTLKNLAKTAGKGALQSLLNKASCKLSGQC,1,0,0,AMP
NEG_glutathione_perox,MCAALAAAAASVRSGARAATRGRGAARRR,0,0,0,NEG
HEM_mastoparan,INLKALAALAKKIL,0,1,0,HEM
NEG_angiotensin_II,DRVYIHPF,0,0,0,NEG
NEG_keratin_frag,SGGFSFGSRSLYNLGGNRSISASVGSRRSSFSA,0,0,0,NEG
AMP_indolicidin,ILPWKWPWWPWRR,1,0,0,AMP
CPP_SweetArrow,VRLPPPAREQSIKHHQKNRG,0,0,1,CPP
AMP_magainin_2,GIGKFLHSAKKFGKAFVGEIMNS,1,0,0,AMP
NEG_insulin_A_chain,GIVEQCCTSICSLYQLENYCN,0,0,0,NEG
AB_pembrolizumab_H3,RHGYWYFDV,0,0,0,AB
CPP_transportan,GWTLNSAGYLLGKINLKALAALAKKIL,0,0,1,CPP
AB_nivolumab_H3,DRFYGMDV,0,0,0,AB
AB_ustekinumab_H3,RRPGQGYFDF,0,0,0,AB
HEM_polistes_mastoparan,INWLKLGKKILGAL,0,1,0,HEM
HEM_delta_hemolysin,MAQDIISTIGDLVKWIIDTVNKFTKK,0,1,0,HEM
CPP_Pep1,KETWWETWWTEWSQPKKKRKV,0,0,1,CPP
CPP_nonarginine_R9,RRRRRRRRR,0,0,1,CPP
CPP_MPG,GALFLGFLGAAGSTMGAWSQPKKKRKV,0,0,1,CPP
AMP_tachyplesin,KWCFRVCYRGICYRRCR,1,0,0,AMP
AB_daratumumab_H3,EGVYWYFDV,0,0,0,AB
NEG_oxytocin,CYIQNCPLG,0,0,0,NEG
NEG_neurotensin,ELYENKPRRPYIL,0,0,0,NEG
HEM_osmin,GFVSVLKKVLPKVMAHMK,0,1,0,HEM
HEM_anolis_mastoparan,INWLKLGKAIIDAL,0,1,0,HEM
AB_adalimumab_H3,VSYLSTASSLDY,0,0,0,AB
AB_omalizumab_H3,GSHYFGHWHFAV,0,0,0,AB
AMP_pleurocidin,GWGSFFKKAAHVGKHVGKAALTHYL,1,0,0,AMP
NEG_lysozyme_frag,KVFGRCELAAAMKRHGLDNYRGYSLGNWVCAA,0,0,0,NEG
AMP_protegrin_1,RGGRLCYCRRRFCVCVGR,1,0,0,AMP
NEG_somatostatin,AGCKNFFWKTFTSC,0,0,0,NEG
AMP_defensin_HNP1,ACYCRIPACIAGERRYGTCIYQGRLWAFCC,1,0,0,AMP
AMP_clavanin_A,VFQFLGKIIHHVGNFVHGFSHVF,1,0,0,AMP
HEM_melectin,GFTSILKKVLPKVMAHMK,0,1,0,HEM
HEM_parasporin,MKKYALVMTLLVAALAGMVSAHAEVIVTGPGTGKVTVTVK,0,1,0,HEM
CPP_TAT_48_60,GRKKRRQRRRPPQ,0,0,1,CPP
AMP_buforin_2,TRSSRAGLQFPVGRVHRLLRK,1,0,0,AMP
AMP_aurein_1_2,GLFDIIKKIAESI,1,0,0,AMP
